{"i":1000,"val_loss_history":[1.8936766895381],"val_loss_history_it":[1000],"forward_backward_times":{},"opt":{"max_epochs":50,"checkpoint_every":1000,"batch_size":50,"memory_benchmark":0,"init_from":"","grad_clip":5,"model_type":"lstm","lr_decay_every":5,"print_every":1,"wordvec_size":64,"seq_length":50,"input_json":"data\/masterlist.json","num_layers":2,"input_h5":"data\/masterlist.h5","reset_iterations":1,"rnn_size":128,"dropout":0,"checkpoint_name":"cv\/checkpoint","batchnorm":0,"learning_rate":0.002,"speed_benchmark":0,"gpu_backend":"cuda","lr_decay_factor":0.5,"gpu":-1},"train_loss_history":[4.8834357261658,4.762656211853,4.5759987831116,4.3480858802795,4.1256289482117,4.0112233161926,3.822164773941,3.6323261260986,3.5549819469452,3.5039949417114,3.4759554862976,3.4786601066589,3.4238631725311,3.4547815322876,3.5085215568542,3.4801316261292,3.462708234787,3.5713155269623,3.4499914646149,3.4561903476715,3.4020504951477,3.4577116966248,3.4244320392609,3.4127569198608,3.4359879493713,3.4601671695709,3.4392580986023,3.4115233421326,3.3973245620728,3.4491949081421,3.4733574390411,3.4718680381775,3.3750123977661,3.3938698768616,3.4659793376923,3.4000461101532,3.3797991275787,3.360178232193,3.3887929916382,3.4250514507294,3.3623793125153,3.3786044120789,3.4211571216583,3.3216915130615,3.3281219005585,3.3909664154053,3.3889956474304,3.3603508472443,3.3858511447906,3.3404629230499,3.381963968277,3.3014807701111,3.3023641109467,3.3148663043976,3.3345766067505,3.330598115921,3.3017699718475,3.2636280059814,3.2805850505829,3.2847249507904,3.3065605163574,3.2679646015167,3.2872612476349,3.2335016727448,3.2329225540161,3.2365808486938,3.2370250225067,3.2815589904785,3.1896274089813,3.2705678939819,3.1839017868042,3.139481306076,3.1530914306641,3.1184034347534,3.1754195690155,3.1065120697021,3.1124045848846,3.1255838871002,3.088365316391,3.0928854942322,3.0823605060577,3.1359124183655,3.0976178646088,3.0502920150757,3.037269115448,3.0390996932983,3.0660493373871,3.0737481117249,2.9713160991669,3.0283963680267,3.087171792984,2.9779562950134,2.9661557674408,3.0144426822662,2.9963533878326,2.9969379901886,2.9827470779419,2.9828448295593,2.9603335857391,2.9347093105316,2.9207725524902,2.938768863678,2.8517656326294,2.8424549102783,2.9372229576111,2.8997786045074,2.817152261734,2.9122593402863,2.8601477146149,2.8153734207153,2.776606798172,2.8298180103302,2.8321807384491,2.8525640964508,2.8306663036346,2.8495435714722,2.8079850673676,2.7975635528564,2.7955586910248,2.7758610248566,2.864860534668,2.7959530353546,2.7347049713135,2.7309939861298,2.7856001853943,2.7305986881256,2.7549161911011,2.7426028251648,2.7441747188568,2.6963980197906,2.7530951499939,2.6655247211456,2.6764724254608,2.591888666153,2.7201063632965,2.7159073352814,2.6241910457611,2.581157207489,2.6593029499054,2.6549491882324,2.7006735801697,2.6797933578491,2.5903129577637,2.7042746543884,2.6812467575073,2.6434831619263,2.6594085693359,2.5629444122314,2.5238020420074,2.5387983322144,2.5715770721436,2.5902202129364,2.5834798812866,2.5175631046295,2.5889930725098,2.5871453285217,2.5526549816132,2.5300869941711,2.5530128479004,2.5261373519897,2.5848858356476,2.5980794429779,2.5095582008362,2.4838850498199,2.4968948364258,2.5895693302155,2.4504635334015,2.4606873989105,2.5424778461456,2.4986865520477,2.4251399040222,2.5549418926239,2.4890832901001,2.4869408607483,2.4850611686707,2.3987731933594,2.39177775383,2.5084671974182,2.4853181838989,2.4476828575134,2.4473419189453,2.5225834846497,2.4568781852722,2.3689370155334,2.4718306064606,2.4384961128235,2.3972859382629,2.4985816478729,2.4671633243561,2.3672549724579,2.4042978286743,2.5274665355682,2.3938210010529,2.477842092514,2.4016485214233,2.391120672226,2.4187388420105,2.4036569595337,2.4345021247864,2.3449206352234,2.4422383308411,2.387392282486,2.3988254070282,2.3750123977661,2.47505235672,2.358606338501,2.358934879303,2.2959656715393,2.3683245182037,2.3264391422272,2.3334898948669,2.2681219577789,2.3510227203369,2.4438915252686,2.3790545463562,2.376603603363,2.3190987110138,2.4107241630554,2.3244314193726,2.2196559906006,2.375287771225,2.3016705513,2.3164031505585,2.3021008968353,2.4371290206909,2.4015378952026,2.2588770389557,2.2983913421631,2.3774161338806,2.3431420326233,2.3326206207275,2.289871931076,2.2642135620117,2.2906792163849,2.2141995429993,2.3233468532562,2.26487159729,2.2861149311066,2.3728451728821,2.2837073802948,2.2826840877533,2.2330317497253,2.2010536193848,2.2890603542328,2.2010898590088,2.1969349384308,2.1557383537292,2.2221221923828,2.1474905014038,2.190069437027,2.2015538215637,2.2733356952667,2.2093751430511,2.2657914161682,2.2700765132904,2.2825789451599,2.2260365486145,2.2985475063324,2.1705145835876,2.3388698101044,2.1470627784729,2.2992300987244,2.3507342338562,2.2449297904968,2.2290561199188,2.1746821403503,2.1750092506409,2.1573822498322,2.20631980896,2.1971266269684,2.1739821434021,2.1892638206482,2.0637247562408,2.1357393264771,2.1213886737823,2.1160991191864,2.1264741420746,2.2022271156311,2.0567719936371,2.2464261054993,2.225691318512,2.2075045108795,2.2043018341064,2.1681191921234,2.154666185379,2.2770655155182,2.2548475265503,2.1541996002197,2.1122510433197,2.1054944992065,2.170284986496,2.1179137229919,2.2091956138611,2.1860120296478,2.1060781478882,2.1405806541443,2.2900042533875,2.1164038181305,2.0623698234558,2.1710314750671,2.2203497886658,2.10799741745,2.0516715049744,2.0633816719055,2.1618669033051,2.0370543003082,2.1510655879974,2.1148753166199,2.1112098693848,2.1917591094971,2.094521522522,2.1475760936737,2.1609928607941,2.1150603294373,2.1302809715271,2.1001696586609,2.0701472759247,2.1512382030487,2.0741956233978,2.1054449081421,2.1062676906586,2.1447749137878,2.0073182582855,2.0916204452515,2.2209413051605,2.1284062862396,2.0943772792816,2.0148415565491,2.11754155159,2.0959441661835,2.1180372238159,2.1044924259186,2.122725725174,2.0999662876129,2.0663318634033,2.1582837104797,2.1170611381531,2.1076655387878,2.0570259094238,2.0900449752808,2.1692626476288,2.0945715904236,2.0461847782135,2.0399038791656,2.1271195411682,2.098929643631,2.0658957958221,1.9782359600067,2.0609338283539,2.0001752376556,2.0372040271759,2.0245356559753,2.1484935283661,2.0259079933167,1.9649878740311,2.0719079971313,2.0961422920227,2.0057213306427,1.9873064756393,1.9756765365601,2.1589977741241,2.0063953399658,2.0184361934662,1.8901580572128,2.035760641098,2.0723676681519,2.1331732273102,1.9901105165482,2.1390807628632,2.0476989746094,2.0581450462341,2.1060531139374,2.0464804172516,2.0999610424042,2.0755825042725,2.081050157547,2.0287373065948,2.0802342891693,2.041761636734,2.0587785243988,1.9978009462357,2.0546202659607,2.0223503112793,2.1332881450653,2.0180633068085,2.1076455116272,2.0668480396271,1.9439985752106,2.0272264480591,2.0109264850616,1.9996156692505,2.0737824440002,1.9610378742218,2.0446789264679,1.9955625534058,2.0681028366089,1.9483103752136,1.9950476884842,2.0207169055939,1.9300880432129,1.8602304458618,2.0330007076263,2.0351002216339,2.0315885543823,1.9841554164886,1.9807294607162,1.9698923826218,1.9148578643799,2.0072660446167,1.9765300750732,2.057181596756,2.038950920105,1.9703378677368,1.9783843755722,2.0629966259003,1.9786784648895,1.8580857515335,2.0574960708618,1.9460648298264,1.9658659696579,2.0030584335327,2.0526571273804,1.938857793808,1.9582461118698,2.0812344551086,2.0200316905975,1.9677033424377,1.9923386573792,1.9314283132553,1.8680466413498,1.8608720302582,1.9175806045532,1.8935252428055,1.8913154602051,1.9096294641495,2.0052013397217,1.9633040428162,1.955707192421,2.0528061389923,2.004467010498,1.9629994630814,1.9522386789322,1.9692288637161,1.9557466506958,1.9463979005814,1.8999232053757,1.894530415535,1.9184408187866,1.8906317949295,1.9445770978928,1.9937644004822,1.9605898857117,1.9172830581665,1.8298575878143,2.0043408870697,1.9924277067184,1.8731974363327,1.9068034887314,1.9916741847992,1.9277744293213,1.9834592342377,1.8978192806244,2.0487978458405,1.9832234382629,1.9801043272018,