{"i":1000,"val_loss_history":[1.8704317821251],"val_loss_history_it":[1000],"forward_backward_times":{},"opt":{"max_epochs":50,"checkpoint_every":1000,"batch_size":50,"memory_benchmark":0,"init_from":"","grad_clip":5,"model_type":"lstm","lr_decay_every":5,"print_every":1,"wordvec_size":64,"seq_length":50,"input_json":"master2.json","num_layers":2,"input_h5":"master2.h5","reset_iterations":1,"rnn_size":128,"dropout":0,"checkpoint_name":"cv\/master2","batchnorm":0,"learning_rate":0.002,"speed_benchmark":0,"gpu_backend":"cuda","lr_decay_factor":0.5,"gpu":-1},"train_loss_history":[4.8560371398926,4.7596745491028,4.5905632972717,4.3667559623718,4.0717244148254,3.8613710403442,3.6739356517792,3.5019817352295,3.5004918575287,3.3564159870148,3.4115028381348,3.3002686500549,3.3806309700012,3.2988238334656,3.338020324707,3.3697731494904,3.2673842906952,3.2740769386292,3.2582812309265,3.2882871627808,3.2920520305634,3.2579700946808,3.2638020515442,3.2453727722168,3.3548269271851,3.275762796402,3.3192508220673,3.2662625312805,3.2464466094971,3.3292558193207,3.2666504383087,3.2801988124847,3.2390034198761,3.2444002628326,3.2429049015045,3.2429583072662,3.2448432445526,3.2551207542419,3.232531785965,3.2395009994507,3.21772813797,3.2283999919891,3.2198739051819,3.2423391342163,3.2012436389923,3.2728111743927,3.2249553203583,3.2011344432831,3.2435383796692,3.1799697875977,3.2172493934631,3.1838202476501,3.2199153900146,3.2565834522247,3.1700236797333,3.1571989059448,3.1768879890442,3.1682918071747,3.1507880687714,3.1556003093719,3.1054174900055,3.1195204257965,3.1577777862549,3.0830235481262,3.1118593215942,3.0915305614471,3.1011965274811,3.1558969020844,3.0322487354279,3.1039061546326,3.0190148353577,3.0386283397675,3.0582964420319,3.1139266490936,3.0392639636993,3.0053811073303,2.9693758487701,2.9828798770905,3.0170202255249,2.9593398571014,3.0105857849121,2.9366199970245,2.9668698310852,2.9091503620148,2.951132774353,2.9046950340271,2.9039800167084,2.9267210960388,2.9259996414185,2.9369742870331,2.8709290027618,2.8358247280121,2.8599481582642,2.8274869918823,2.8721854686737,2.8226239681244,2.8720304965973,2.8549091815948,2.8091728687286,2.7890796661377,2.8028521537781,2.8202221393585,2.7863266468048,2.7621538639069,2.7194631099701,2.768846988678,2.6879377365112,2.8131422996521,2.7462069988251,2.7674670219421,2.7398116588593,2.6746506690979,2.7893159389496,2.7397544384003,2.7732334136963,2.677218914032,2.7670803070068,2.7763223648071,2.6977796554565,2.6996014118195,2.7036762237549,2.7525386810303,2.618195772171,2.7396860122681,2.7126588821411,2.6634845733643,2.6364555358887,2.6561810970306,2.7121586799622,2.6325106620789,2.5744917392731,2.6422188282013,2.5811502933502,2.5701026916504,2.6454327106476,2.6739151477814,2.6060657501221,2.5679440498352,2.595716714859,2.6437785625458,2.5812573432922,2.5478196144104,2.5378966331482,2.5657150745392,2.5679759979248,2.4997355937958,2.537725687027,2.5984363555908,2.5408835411072,2.5509843826294,2.5494823455811,2.5221118927002,2.4628491401672,2.5264072418213,2.5264320373535,2.5256638526917,2.4736840724945,2.5124542713165,2.4738667011261,2.5193264484406,2.4838907718658,2.5494956970215,2.5267071723938,2.4857430458069,2.5146338939667,2.4988121986389,2.4853942394257,2.4580132961273,2.4147644042969,2.4037075042725,2.4632048606873,2.3964629173279,2.3849861621857,2.4735660552979,2.3920569419861,2.4503350257874,2.398185968399,2.4352369308472,2.4650440216064,2.4246876239777,2.4501073360443,2.3781204223633,2.4280486106873,2.4435002803802,2.3701455593109,2.3538987636566,2.4230632781982,2.4257698059082,2.4034395217896,2.4452385902405,2.4184455871582,2.3511610031128,2.5073430538177,2.3873209953308,2.3240423202515,2.4414429664612,2.3586764335632,2.355085849762,2.3210616111755,2.3890631198883,2.43195271492,2.3998391628265,2.2979855537415,2.3704762458801,2.3818244934082,2.3961155414581,2.3750224113464,2.3195457458496,2.339316368103,2.2849779129028,2.3247997760773,2.2512791156769,2.3368308544159,2.3522684574127,2.4282529354095,2.3128509521484,2.2523214817047,2.2880868911743,2.2883548736572,2.3535804748535,2.3117184638977,2.3514776229858,2.3774590492249,2.3777663707733,2.2721338272095,2.2749779224396,2.4244136810303,2.3405244350433,2.3344042301178,2.3040900230408,2.349503993988,2.3876309394836,2.3473184108734,2.261358499527,2.2307991981506,2.2653481960297,2.2731726169586,2.3202245235443,2.2840580940247,2.2526321411133,2.3096044063568,2.259610414505,2.2580392360687,2.1752512454987,2.3760681152344,2.2888154983521,2.3521194458008,2.3097848892212,2.3125960826874,2.1997692584991,2.2848358154297,2.2844378948212,2.2690932750702,2.2687590122223,2.2470731735229,2.3322360515594,2.3518989086151,2.3474981784821,2.210458278656,2.1921010017395,2.2503507137299,2.2101359367371,2.3037779331207,2.2827980518341,2.2730453014374,2.2307643890381,2.2397782802582,2.2115476131439,2.2842891216278,2.2385075092316,2.2326352596283,2.2533361911774,2.1509382724762,2.2336928844452,2.2770054340363,2.2164981365204,2.2247953414917,2.2494177818298,2.3020806312561,2.2092370986938,2.213835477829,2.2535967826843,2.1542131900787,2.233469247818,2.1914119720459,2.200718164444,2.2018282413483,2.2604670524597,2.2480874061584,2.1834588050842,2.2297098636627,2.1918003559113,2.1776945590973,2.2677202224731,2.1520557403564,2.1960849761963,2.1766805648804,2.1698141098022,2.2798862457275,2.1246421337128,2.2141885757446,2.2303078174591,2.1889162063599,2.1543211936951,2.1629645824432,2.1938691139221,2.1921379566193,2.1648035049438,2.230749130249,2.1567192077637,2.1878383159637,2.1101114749908,2.1468579769135,2.1005876064301,2.1862783432007,2.2339389324188,2.1780395507812,2.2249188423157,2.108626127243,2.1492476463318,2.1849927902222,2.162082195282,2.1188631057739,2.1804461479187,2.1583938598633,2.1031713485718,2.1320178508759,2.1528251171112,2.0790407657623,2.1906304359436,2.1063652038574,2.1709718704224,2.1691250801086,2.1275296211243,2.1034104824066,2.1299231052399,2.1484143733978,2.1903882026672,2.0877661705017,2.1566290855408,2.0741009712219,2.118955373764,2.0840482711792,2.1290829181671,2.1566481590271,2.2118496894836,2.195631980896,2.180433511734,2.0918900966644,2.1510188579559,2.1061327457428,2.1001193523407,2.1148436069489,2.1286292076111,2.2200512886047,2.1285583972931,2.1213917732239,2.135805606842,2.1424448490143,2.1093831062317,2.1523149013519,2.1706490516663,2.1143345832825,2.074143409729,2.1741926670074,2.177353143692,2.1572728157043,2.146744966507,2.1576681137085,2.1695711612701,2.1149108409882,2.0811066627502,2.1056745052338,2.0453794002533,2.090017080307,2.0896146297455,2.0722758769989,2.0875985622406,2.0807402133942,2.0812323093414,1.9932146072388,2.1482808589935,2.1213202476501,2.1046516895294,2.1767172813416,2.0701053142548,2.0959975719452,2.1298401355743,2.1167855262756,2.177946805954,2.0451543331146,2.0713884830475,2.0548760890961,2.0369639396667,2.0781028270721,2.0663888454437,2.0597925186157,2.1401264667511,2.0611147880554,2.070410490036,2.0629012584686,2.1153843402863,2.1554501056671,2.0723567008972,2.0757660865784,2.0801689624786,1.9755699634552,2.0257182121277,2.059693813324,2.0958745479584,2.0120265483856,2.0510776042938,2.0762555599213,2.1309921741486,2.0551941394806,2.032972574234,2.0652284622192,2.1206007003784,2.0284104347229,1.990437746048,2.0247616767883,2.0031247138977,2.0807707309723,2.0610191822052,2.0547850131989,2.0796620845795,2.0035264492035,2.0654213428497,2.0237846374512,2.0361635684967,2.0106887817383,1.9780665636063,2.0431609153748,2.0255088806152,2.0052697658539,2.057373046875,2.0091691017151,2.0418522357941,2.0993549823761,1.9736298322678,2.0004878044128,2.0833780765533,2.0834345817566,2.044561624527,1.99780356884,2.0104780197144,2.0745186805725,1.9919760227203,2.0031583309174,2.0919468402863,1.9515337944031,1.9868117570877,1.9808466434479,2.0604765415192,2.0071671009064,2.0345633029938,2.0490236282349,2.0642657279968,1.9866622686386,2.0334391593933,2.0240263938904,2.0069723129272,2.0331382751465,1.9364326000214,1.9862523078918,1.9855880737305,